{
  "interactionModel": {
    "languageModel": {
      "invocationName": "telegram bot",
      "intents": [
        {
          "name": "AMAZON.CancelIntent",
          "samples": []
        },
        {
          "name": "AMAZON.HelpIntent",
          "samples": []
        },
        {
          "name": "AMAZON.StopIntent",
          "samples": []
        },
        {
          "name": "AMAZON.NavigateHomeIntent",
          "samples": []
        },
        {
          "name": "senden",
          "slots": [
            {
              "name": "name",
              "type": "AMAZON.DE_FIRST_NAME",
              "samples": [
                "papa"
              ]
            },
            {
              "name": "text",
              "type": "AMAZON.SearchQuery",
              "samples": [
                "schönes wetter",
                "wie ist das wetter",
                "mir geht\u0027s gut",
                "hallo wie geht\u0027s"
              ]
            }
          ],
          "samples": [
            "erstellen"
          ]
        }
      ],
      "types": []
    },
    "dialog": {
      "intents": [
        {
          "name": "senden",
          "confirmationRequired": false,
          "prompts": {},
          "slots": [
            {
              "name": "name",
              "type": "AMAZON.DE_FIRST_NAME",
              "elicitationRequired": true,
              "confirmationRequired": false,
              "prompts": {
                "elicitation": "Elicit.Slot.1275444626141.1008243148236"
              }
            },
            {
              "name": "text",
              "type": "AMAZON.SearchQuery",
              "elicitationRequired": true,
              "confirmationRequired": false,
              "prompts": {
                "elicitation": "Elicit.Slot.1275444626141.269736583633"
              }
            }
          ]
        }
      ],
      "delegationStrategy": "ALWAYS"
    },
    "prompts": [
      {
        "id": "Elicit.Slot.1275444626141.1008243148236",
        "variations": [
          {
            "type": "PlainText",
            "value": "an wen soll ich die nachricht senden?"
          }
        ]
      },
      {
        "id": "Elicit.Slot.1275444626141.269736583633",
        "variations": [
          {
            "type": "PlainText",
            "value": "welche nachricht soll ich senden?"
          }
        ]
      }
    ]
  },
  "version": "16"
}